id,value,order_limit,stock_left,is_main,is_offer,points,mrp,price,discount_price,discount_percentage
1,6KG,7,12,0,1,5,4854,1744,1448
2,2KG,9,1,0,1,2,592,64,38
3,18KG,10,16,0,1,1,5363,3163,2806
4,3KG,11,17,0,1,2,736,112,44
5,20KG,9,40,0,1,2,3530,2166,1544
6,3KG,12,10,0,1,4,414,103,60
7,13KG,11,7,0,1,3,5320,1457,1413
8,1KG,5,30,0,1,4,229,123,27
9,15KG,2,37,0,1,1,1840,1216,1127
10,4KG,15,35,0,1,5,356,224,29
11,20KG,13,40,0,1,2,3380,1361,1101
12,2KG,6,32,0,1,5,756,445,253
13,9KG,6,14,0,1,1,5448,1644,1601
14,4KG,3,6,0,1,4,135,34,29
15,7KG,13,14,0,1,5,4741,1584,1005
16,4KG,11,25,0,1,4,180,92,60
17,16KG,13,21,0,1,1,4060,3159,2264
18,2KG,1,22,0,1,2,770,76,75
19,9KG,12,22,0,1,4,3011,1498,1226
20,5KG,5,24,0,1,5,903,341,119
21,8KG,6,31,0,1,3,3890,3135,2607
22,3KG,7,12,0,1,0,99,21,15
23,11KG,2,36,0,1,3,5689,2781,2017
24,4KG,5,37,0,1,5,480,247,142
25,9KG,9,20,0,1,4,5327,1864,1430
26,1KG,1,13,0,1,1,80,35,14
27,8KG,7,20,0,1,3,4892,4793,3689
28,1KG,7,37,0,1,2,477,105,101
29,20KG,1,2,0,1,5,3396,1264,1024
30,1KG,2,11,0,1,0,24,23,18
31,16KG,12,7,0,1,4,5273,4822,3637
32,4KG,14,8,0,1,2,212,183,17
33,6KG,8,23,0,1,2,3799,3018,2296
34,5KG,6,17,0,1,1,558,202,136
35,18KG,2,9,0,1,0,5259,3012,1528
36,3KG,1,25,0,1,2,611,86,62
37,16KG,8,24,0,1,5,4568,2326,1765
38,4KG,4,4,0,1,2,813,273,212
39,19KG,2,5,0,1,5,2117,1433,1195
40,5KG,14,9,0,1,2,261,60,28
41,7KG,11,5,0,1,5,2512,2242,1177
42,5KG,8,11,0,1,1,461,450,362
43,6KG,15,9,0,1,0,3012,1770,1132
44,5KG,12,28,0,1,4,476,71,15
45,8KG,8,31,0,1,0,3637,1477,1308
46,3KG,8,14,0,1,4,847,726,109
47,9KG,13,26,0,1,0,3655,3310,1860
48,3KG,14,11,0,1,3,857,363,132
49,13KG,3,23,0,1,5,3116,2563,2212
50,2KG,8,26,0,1,1,737,679,643
51,11KG,5,7,0,1,4,3756,3481,1991
52,4KG,5,37,0,1,0,548,542,541
53,11KG,5,35,0,1,1,4290,2745,2512
54,4KG,8,0,0,1,3,733,62,40
55,12KG,3,24,0,1,0,4530,1933,1931
56,3KG,14,16,0,1,1,146,96,53
57,12KG,11,6,0,1,5,4735,2054,1533
58,4KG,12,9,0,1,4,698,517,362
59,20KG,3,9,0,1,5,2046,1512,1072
60,1KG,11,17,0,1,0,93,24,13
61,19KG,8,16,0,1,3,2472,1456,1127
62,5KG,14,12,0,1,3,347,158,92
63,7KG,3,16,0,1,4,3109,2683,1722
64,5KG,2,6,0,1,2,767,398,189
65,10KG,8,8,0,1,5,5751,5144,3482
66,2KG,15,23,0,1,4,136,58,45
67,16KG,7,16,0,1,0,4661,3950,3744
68,5KG,10,9,0,1,1,322,227,94
69,8KG,2,20,0,1,0,1522,1426,1355
70,2KG,12,3,0,1,0,979,204,163
71,8KG,6,28,0,1,3,2451,1649,1101
72,1KG,11,12,0,1,5,384,94,14
73,16KG,2,8,0,1,2,4528,1689,1407
74,1KG,9,14,0,1,4,423,265,104
75,18KG,9,8,0,1,5,4883,3658,2907
76,4KG,15,24,0,1,1,978,99,7
77,18KG,8,16,0,1,0,5064,2838,1233
78,1KG,15,24,0,1,4,382,70,45
79,14KG,5,5,0,1,3,2106,1754,1273
80,3KG,8,5,0,1,1,828,296,36
81,14KG,7,29,0,1,5,5636,5080,3839
82,2KG,10,2,0,1,4,293,106,75
83,6KG,2,9,0,1,0,1989,1825,1621
84,3KG,8,0,0,1,0,280,31,31
85,12KG,7,2,0,1,5,1689,1330,1245
86,5KG,12,35,0,1,4,877,572,296
87,20KG,14,31,0,1,4,5763,4600,2079
88,5KG,6,27,0,1,2,634,612,327
89,20KG,8,13,0,1,5,1895,1892,1557
90,2KG,12,14,0,1,0,717,321,224
91,6KG,7,5,0,1,2,5352,3222,3017
92,4KG,15,40,0,1,4,712,19,19
93,19KG,15,27,0,1,2,5977,4612,1104
94,1KG,8,11,0,1,3,625,372,204
95,20KG,6,26,0,1,3,3702,3331,2060
96,4KG,15,26,0,1,4,959,340,270
97,10KG,15,12,0,1,1,1663,1427,1275
98,5KG,5,19,0,1,1,786,662,510
99,15KG,15,25,0,1,3,2736,2112,1245
100,1KG,4,6,0,1,0,423,230,146
101,9KG,15,5,0,1,4,2334,1577,1192
102,2KG,14,3,0,1,5,935,131,66
103,12KG,7,27,0,1,0,5480,3063,1096
104,5KG,13,4,0,1,2,679,47,16
105,7KG,5,40,0,1,0,2046,2014,1085
106,5KG,3,17,0,1,0,535,213,135
107,16KG,2,29,0,1,4,5870,1826,1728
108,2KG,7,5,0,1,2,485,297,19
109,18KG,14,29,0,1,0,1802,1729,1476
110,5KG,9,7,0,1,1,771,597,283
111,10KG,6,25,0,1,4,3935,2127,1102
112,5KG,9,11,0,1,0,176,78,12
113,18KG,9,38,0,1,2,4220,2943,2492
114,4KG,14,5,0,1,4,188,138,82
115,14KG,6,13,0,1,5,5060,2991,2192
116,4KG,14,16,0,1,5,304,82,54
117,6KG,8,18,0,1,0,4136,3130,2091
118,2KG,15,9,0,1,3,452,165,99
119,16KG,4,8,0,1,1,5588,4671,3375
120,4KG,6,5,0,1,3,798,258,132
121,19KG,14,10,0,1,1,2817,1582,1527
122,3KG,12,23,0,1,4,43,29,24
123,6KG,3,12,0,1,5,5586,5115,2491
124,2KG,1,20,0,1,0,60,27,20
125,20KG,3,28,0,1,0,3016,1905,1221
126,5KG,10,1,0,1,5,643,256,170
127,7KG,4,18,0,1,0,2053,1545,1300
128,3KG,10,0,0,1,2,229,198,15
129,14KG,9,8,0,1,2,4530,3479,1792
130,2KG,3,34,0,1,3,409,378,184
131,10KG,4,25,0,1,4,5460,5234,4058
132,4KG,6,13,0,1,3,745,200,148
133,15KG,12,4,0,1,2,4853,3909,3683
134,2KG,5,8,0,1,0,717,284,35
135,8KG,1,35,0,1,2,5575,5395,4798
136,4KG,10,28,0,1,0,552,321,76
137,18KG,6,39,0,1,4,5540,1204,1185
138,2KG,2,17,0,1,0,215,91,8
139,16KG,15,8,0,1,0,5213,2629,1688
140,4KG,3,9,0,1,5,421,245,43
141,14KG,1,7,0,1,1,3213,1861,1134
142,3KG,4,40,0,1,1,461,292,59
143,8KG,10,28,0,1,0,4481,2209,1654
144,1KG,6,23,0,1,1,354,51,26
145,17KG,8,35,0,1,3,3766,2251,2002
146,2KG,8,5,0,1,3,689,167,44
147,9KG,11,2,0,1,1,4739,3155,2314
148,3KG,4,13,0,1,0,546,514,92
149,18KG,11,32,0,1,5,2189,1966,1698
150,5KG,9,5,0,1,2,747,587,211
151,16KG,2,4,0,,0,3830,3597,3207
152,1KG,15,9,0,,2,263,44,26
153,16KG,7,0,0,,3,4095,3028,1526
154,1KG,11,27,0,,3,859,45,32
155,20KG,12,0,0,,2,5783,1574,1155
156,4KG,8,17,0,,2,575,200,98
157,17KG,8,26,0,,1,5209,3375,2011
158,3KG,12,31,0,,1,545,325,52
159,9KG,2,0,0,,0,2560,1510,1341
160,1KG,5,10,0,,1,290,32,14
161,11KG,11,14,0,,1,3397,2115,1513
162,1KG,9,8,0,,2,119,55,52
163,18KG,3,35,0,,3,5160,3301,1626
164,3KG,7,31,0,,1,727,634,73
165,9KG,6,34,0,,2,2591,1271,1139
166,4KG,15,36,0,,4,179,68,27
167,6KG,12,9,0,,1,1788,1702,1484
168,3KG,4,34,0,,2,570,251,13
169,19KG,4,6,0,,3,1764,1315,1288
170,3KG,15,26,0,,5,430,143,77
171,12KG,4,8,0,,0,1579,1329,1025
172,4KG,12,21,0,,5,334,46,7
173,12KG,9,10,0,,3,2875,1946,1621
174,2KG,11,9,0,,1,352,256,80
175,12KG,1,30,0,,3,5043,4139,2600
176,1KG,13,38,0,,5,926,298,125
177,10KG,10,29,0,,0,5763,4384,3948
178,4KG,4,17,0,,2,383,189,14
179,12KG,13,35,0,,2,5264,2095,1327
180,5KG,12,13,0,,1,490,379,235
181,20KG,5,37,0,,5,4057,2912,2677
182,3KG,10,13,0,,2,893,580,253
183,13KG,3,26,0,,3,5560,3010,1056
184,4KG,2,18,0,,4,495,58,42
185,13KG,15,22,0,,3,5260,2485,1127
186,4KG,7,2,0,,1,234,207,18
187,17KG,2,17,0,,5,5575,2076,1200
188,2KG,15,28,0,,0,537,527,380
189,11KG,12,28,0,,1,4063,1266,1111
190,3KG,5,15,0,,3,950,172,56
191,10KG,9,28,0,,5,1779,1467,1185
192,3KG,5,27,0,,0,588,412,347
193,14KG,7,19,0,,5,4230,2333,1923
194,3KG,7,40,0,,1,93,68,37
195,7KG,6,3,0,,4,2209,1298,1032
196,3KG,4,23,0,,1,383,200,154
197,17KG,14,18,0,,5,2201,1974,1093
198,2KG,8,39,0,,5,684,134,63
199,14KG,12,19,0,,0,2695,1592,1319
200,5KG,3,15,0,,3,905,896,671
201,14KG,2,14,0,,0,5994,4070,3119
202,2KG,14,17,0,,3,44,21,17
203,17KG,14,13,0,,2,5827,1304,1209
204,4KG,1,40,0,,2,331,198,115
205,10KG,13,28,0,,4,1846,1328,1114
206,3KG,7,30,0,,3,957,149,42
207,13KG,4,37,0,,4,2493,1492,1212
208,2KG,5,13,0,,1,516,422,198
209,8KG,15,12,0,,2,2888,2021,1270
210,3KG,11,8,0,,0,910,292,154
211,7KG,9,2,0,,3,2384,1356,1166
212,4KG,7,5,0,,4,896,536,92
213,16KG,2,17,0,,4,3004,2751,2428
214,1KG,12,29,0,,3,125,48,18
215,8KG,8,40,0,,3,2626,1475,1035
216,2KG,9,0,0,,5,769,639,106
217,16KG,2,34,0,,1,3634,3269,1690
218,5KG,14,0,0,,2,513,285,105
219,12KG,1,5,0,,0,4974,4866,1360
220,3KG,2,4,0,,5,632,464,354
221,8KG,14,40,0,,0,2675,1558,1485
222,5KG,9,23,0,,1,695,108,42
223,10KG,5,20,0,,5,3243,1628,1404
224,2KG,8,28,0,,0,875,309,101
225,6KG,2,16,0,,3,5467,2305,2001
226,4KG,8,17,0,,4,664,155,87
227,7KG,12,3,0,,2,4183,2979,1350
228,3KG,2,30,0,,5,821,667,60
229,15KG,14,2,0,,4,4865,3040,2471
230,4KG,7,7,0,,3,450,96,93
231,20KG,9,12,0,,5,3184,2343,1263
232,5KG,1,1,0,,5,23,12,12
233,19KG,9,22,0,,2,2939,2540,1924
234,2KG,2,31,0,,1,339,22,16
235,19KG,12,22,0,,4,4817,2472,1041
236,3KG,8,31,0,,1,989,337,19
237,17KG,7,13,0,,2,1686,1264,1127
238,1KG,10,3,0,,5,113,93,42
239,6KG,14,17,0,,3,4532,4445,2751
240,1KG,13,24,0,,1,667,101,91
241,13KG,5,19,0,,0,3756,2813,2640
242,5KG,10,6,0,,0,459,149,64
243,10KG,15,23,0,,3,4141,2933,1217
244,4KG,1,34,0,,4,740,230,170
245,8KG,8,25,0,,3,4136,3896,1988
246,4KG,9,1,0,,3,536,370,251
247,20KG,10,11,0,,5,5949,4466,1906
248,4KG,6,38,0,,5,987,341,80
249,17KG,8,26,0,,0,5024,2626,2108
250,5KG,6,14,0,,0,153,61,34
251,7KG,3,23,0,,1,4175,3541,2187
252,1KG,6,15,0,,5,53,32,30
253,7KG,5,21,0,,0,2542,2370,1527
254,4KG,7,36,0,,3,741,273,233
255,11KG,3,17,0,,1,4608,4039,2767
256,3KG,5,31,0,,5,32,22,9
257,15KG,6,5,0,,0,3735,2164,2095
258,2KG,12,6,0,,4,629,114,86
259,16KG,15,23,0,,0,1744,1542,1415
260,5KG,5,33,0,,1,553,373,260
261,14KG,14,30,0,,4,4452,2460,1700
262,2KG,10,36,0,,4,378,76,54
263,20KG,11,14,0,,3,2325,1858,1598
264,5KG,9,24,0,,5,668,498,461
265,18KG,3,25,0,,1,4367,1680,1202
266,4KG,1,38,0,,4,727,719,462
267,7KG,10,39,0,,2,4639,2972,1141
268,1KG,15,33,0,,3,773,173,125
269,10KG,10,37,0,,3,5745,5479,2794
270,4KG,15,3,0,,4,898,791,402
271,20KG,1,1,0,,5,2983,2892,1510
272,2KG,8,5,0,,3,674,68,13
273,20KG,11,38,0,,4,2066,1214,1127
274,2KG,2,14,0,,1,636,117,16
275,8KG,8,23,0,,3,5916,1270,1245
276,3KG,3,26,0,,5,378,373,310
277,13KG,2,37,0,,2,3147,2061,2039
278,2KG,12,18,0,,5,928,558,536
279,10KG,14,12,0,,5,2668,2125,1499
280,4KG,9,12,0,,0,713,13,8
281,10KG,8,14,0,,0,5061,4153,1316
282,1KG,6,33,0,,4,707,28,9
283,10KG,14,0,0,,3,5581,2152,1446
284,5KG,2,12,0,,4,176,14,13
285,15KG,8,2,0,,4,4107,3376,3081
286,2KG,1,35,0,,0,69,45,17
287,11KG,13,33,0,,1,3885,3330,2018
288,5KG,8,27,0,,0,301,192,10
289,19KG,9,7,0,,3,3432,2511,1017
290,2KG,14,15,0,,0,571,474,135
291,13KG,2,4,0,,2,3207,2010,1589
292,3KG,10,31,0,,1,984,391,196
293,8KG,4,23,0,,4,2812,2366,1842
294,4KG,11,4,0,,0,246,176,142
295,13KG,9,33,0,,5,4951,2178,2152
296,2KG,4,31,0,,3,447,304,251
297,14KG,7,24,0,,0,2594,1739,1483
298,3KG,13,15,0,,5,366,14,7
299,11KG,5,36,0,,1,4663,1443,1081
300,3KG,7,1,0,,5,557,557,252
301,18KG,14,11,0,,3,2258,1667,1135
302,5KG,3,23,0,,1,974,577,45
303,10KG,15,2,0,,3,5922,4882,2817
304,5KG,11,20,0,,3,269,164,129
305,12KG,6,4,0,,4,4486,3938,3582
306,1KG,15,5,0,,2,558,343,116
307,9KG,7,16,0,,4,2378,1921,1893
308,3KG,2,31,0,,4,433,253,29
309,10KG,8,30,0,,5,3057,2092,2013
310,1KG,2,1,0,,1,841,61,57
311,18KG,14,21,0,,4,4044,3584,1189
312,1KG,5,9,0,,4,298,247,169
313,14KG,10,38,0,,1,4941,3922,2870
314,1KG,12,16,0,,4,269,71,32
315,18KG,9,35,0,,5,5227,2249,1507
316,4KG,12,9,0,,0,270,141,127
317,16KG,7,24,0,,5,4826,4319,3901
318,3KG,9,25,0,,0,516,325,100
319,17KG,1,37,0,,2,5915,5516,4618
320,1KG,8,23,0,,3,367,314,142
321,19KG,10,4,0,,1,2730,2437,1279
322,3KG,6,4,0,,0,587,149,99
323,6KG,6,37,0,,0,5295,3743,1498
324,5KG,4,16,0,,1,781,316,17
325,7KG,8,33,0,,1,2200,1920,1755
326,3KG,11,39,0,,4,248,32,30
327,14KG,15,2,0,,2,5056,3842,2984
328,1KG,7,13,0,,2,743,367,294
329,18KG,2,7,0,,5,4930,1526,1372
330,4KG,4,5,0,,4,990,177,129
331,19KG,5,3,0,,5,4410,1975,1805
332,5KG,11,19,0,,3,399,91,56
333,14KG,5,8,0,,3,4875,3882,3150
334,1KG,15,5,0,,3,735,601,469
335,8KG,15,29,0,,2,4648,4459,2827
336,1KG,2,5,0,,0,133,46,35
337,14KG,5,8,0,,3,2783,2192,1982
338,3KG,1,40,0,,1,636,490,421
339,12KG,13,27,0,,4,5645,2944,1781
340,3KG,12,31,0,,1,146,24,20
341,16KG,15,33,0,,3,3983,3600,1146
342,4KG,14,7,0,,2,365,28,15
343,7KG,14,8,0,,1,2416,2090,1756
344,2KG,11,9,0,,4,950,75,37
345,18KG,14,35,0,,5,3032,1675,1198
346,4KG,13,9,0,,2,553,279,235
347,12KG,8,18,0,,4,5422,5231,4121
348,2KG,11,34,0,,0,163,138,104
349,17KG,8,31,0,,1,4436,1965,1322
350,3KG,2,6,0,,3,991,500,467
351,13KG,5,38,0,,0,3289,3197,3119
352,5KG,14,27,0,,1,847,76,41
353,20KG,9,34,0,,1,4314,4068,2537
354,4KG,4,5,0,,4,517,99,96
355,11KG,15,33,0,,0,5500,5226,3356
356,2KG,8,11,0,,3,540,455,198
357,20KG,5,33,0,,4,1692,1381,1121
358,4KG,13,37,0,,3,742,294,107
359,18KG,11,40,0,,3,5039,3778,2148
360,3KG,8,28,0,,4,158,86,8
361,13KG,1,33,0,,3,3354,3119,2000
362,3KG,10,8,0,,5,947,185,159
363,18KG,3,15,0,,5,5363,3230,2766
364,4KG,3,26,0,,5,804,586,554
365,14KG,15,8,0,,3,4393,1809,1793
366,1KG,1,14,0,,0,686,234,109
367,7KG,2,32,0,,4,2563,1492,1441
368,3KG,11,39,0,,0,767,444,242
369,19KG,9,11,0,,4,1662,1445,1358
370,4KG,14,14,0,,3,318,133,93
371,11KG,12,31,0,,1,5648,1955,1551
372,5KG,2,16,0,,1,603,135,37
373,18KG,5,40,0,,3,2301,1909,1455
374,3KG,12,37,0,,0,426,192,126
375,8KG,3,4,0,,2,5596,4072,1332
376,3KG,10,23,0,,1,327,238,178
377,11KG,11,23,0,,3,3257,2012,1705
378,2KG,13,4,0,,5,946,540,61
379,8KG,14,24,0,,0,5010,1960,1360
380,4KG,11,27,0,,2,539,255,197
381,9KG,10,33,0,,5,4861,1750,1219
382,3KG,14,21,0,,3,31,28,21
383,9KG,10,22,0,,0,5541,3954,1469
384,4KG,9,31,0,,2,120,21,14
385,18KG,7,0,0,,4,5620,5415,2413
386,2KG,1,39,0,,1,812,357,234
387,9KG,6,37,0,,2,4310,4046,1513
388,5KG,15,12,0,,0,763,243,153
389,8KG,15,24,0,,2,4048,1720,1650
390,3KG,1,21,0,,1,323,73,62
391,13KG,2,37,0,,2,5191,4811,1504
392,3KG,14,9,0,,1,26,21,8
393,12KG,13,11,0,,3,3037,2380,1302
394,1KG,2,18,0,,4,852,675,205
395,15KG,12,10,0,,4,3415,2837,2322
396,5KG,14,4,0,,5,433,129,18
397,11KG,9,20,0,,0,4702,1363,1049
398,5KG,12,13,0,,2,977,695,662
399,13KG,11,1,0,,2,1785,1256,1052
400,3KG,8,27,0,,1,945,370,252
401,20KG,2,32,0,,4,5126,4846,3119
402,3KG,9,26,0,,0,344,257,198
403,9KG,13,21,0,,5,5098,3868,2419
404,4KG,5,3,0,,4,178,166,38
405,6KG,2,20,0,,2,4754,1575,1442
406,2KG,7,7,0,,3,562,422,162
407,7KG,7,16,0,,4,3117,1788,1418
408,3KG,15,15,0,,2,633,41,36
409,19KG,10,8,0,,3,2435,2071,1152
410,3KG,6,4,0,,0,355,117,39
411,20KG,14,25,0,,1,3751,2101,1995
412,5KG,15,29,0,,1,577,520,339
413,6KG,9,36,0,,5,3693,3438,1485
414,2KG,4,12,0,,2,358,32,26
415,7KG,5,17,0,,5,2522,1265,1027
416,2KG,9,6,0,,3,485,479,402
417,20KG,4,17,0,,2,2307,2179,1700
418,4KG,3,38,0,,1,827,503,286
419,16KG,3,19,0,,4,3782,3397,1234
420,2KG,13,6,0,,5,591,310,128
421,11KG,9,26,0,,0,1803,1488,1214
422,5KG,3,6,0,,0,848,34,30
423,17KG,12,4,0,,3,5688,5175,3879
424,1KG,6,7,0,,1,969,333,177
425,7KG,10,1,0,,1,3800,3043,1998
426,1KG,1,11,0,,0,953,97,24
427,9KG,1,23,0,,2,3306,2352,2013
428,4KG,13,6,0,,3,897,116,16
429,12KG,3,36,0,,4,2043,1753,1447
430,3KG,15,0,0,,2,608,290,280
431,12KG,4,29,0,,3,4785,2840,1325
432,4KG,10,23,0,,0,183,89,46
433,10KG,12,13,0,,1,3578,2573,2436
434,5KG,15,7,0,,1,168,29,25
435,20KG,5,11,0,,0,5886,1338,1301
436,3KG,14,39,0,,3,662,298,106
437,6KG,7,5,0,,3,4373,3583,2478
438,1KG,12,3,0,,2,660,553,258
439,16KG,4,31,0,,2,2912,2250,1672
440,3KG,8,19,0,,3,853,609,555
441,18KG,6,18,0,,0,4769,1827,1735
442,1KG,11,39,0,,4,739,518,25
443,14KG,1,8,0,,0,1651,1259,1194
444,5KG,4,32,0,,0,887,20,13
445,15KG,11,20,0,,3,5247,1844,1214
446,3KG,6,32,0,,1,766,427,69
447,7KG,11,1,0,,2,5460,1884,1652
448,3KG,3,4,0,,1,692,604,600
449,12KG,12,6,0,,4,2942,2224,1415
450,5KG,15,8,0,,5,734,334,71
451,14KG,7,21,0,,0,4846,4494,2020
452,3KG,15,10,0,,3,863,516,471
453,16KG,8,23,0,,3,2145,1775,1089
454,1KG,11,19,0,,5,680,222,180
455,7KG,10,20,0,,5,4492,2012,1241
456,3KG,10,39,0,,2,871,493,352
457,12KG,12,22,0,,4,1978,1520,1128
458,4KG,10,3,0,,1,648,321,139
459,14KG,10,3,0,,2,3381,2012,1357
460,5KG,8,32,0,,0,768,654,286
461,18KG,1,22,0,,4,4596,1387,1003
462,5KG,15,15,0,,2,216,166,8
463,11KG,13,14,0,,1,4839,1507,1505
464,4KG,7,10,0,,2,296,69,46
465,16KG,5,32,0,,1,4738,3145,2607
466,5KG,14,23,0,,0,557,207,18
467,17KG,3,18,0,,5,4412,2500,1479
468,3KG,8,25,0,,1,593,458,34
469,18KG,11,18,0,,1,5440,5237,2204
470,4KG,14,30,0,,4,377,168,58
471,16KG,15,7,0,,0,3935,1562,1350
472,1KG,2,1,0,,5,505,119,31
473,14KG,10,30,0,,0,1808,1268,1000
474,1KG,14,5,0,,1,571,541,195
475,19KG,3,2,0,,2,5917,5424,3194
476,3KG,13,40,0,,4,706,704,483
477,18KG,4,13,0,,4,3885,3519,2179
478,1KG,15,4,0,,0,647,207,134
479,14KG,10,16,0,,4,5290,2097,1913
480,4KG,11,29,0,,2,518,513,85
481,16KG,12,25,0,,3,4950,2424,1406
482,2KG,11,4,0,,1,266,38,33
483,18KG,13,18,0,,1,2351,1817,1749
484,3KG,13,14,0,,0,127,62,46
485,9KG,2,24,0,,0,1873,1837,1146
486,3KG,5,13,0,,2,153,61,27
487,14KG,15,35,0,,5,5463,2169,1713
488,5KG,5,11,0,,4,986,599,241
489,17KG,2,21,0,,2,5098,3231,1776
490,4KG,9,21,0,,1,873,594,507
491,20KG,4,4,0,,2,4290,3625,3597
492,3KG,1,4,0,,1,861,555,26
493,16KG,10,7,0,,2,2602,2279,1187
494,5KG,6,4,0,,4,942,389,345
495,15KG,7,40,0,,4,3965,3805,3354
496,5KG,5,20,0,,0,91,14,7
497,7KG,3,18,0,,5,3666,1815,1807
498,1KG,14,33,0,,3,798,163,88
499,19KG,12,35,0,,1,2413,1596,1175
500,1KG,1,12,0,,1,262,194,13
501,9KG,13,21,0,,3,5804,4096,1272
502,5KG,4,22,0,,4,957,936,921
503,18KG,13,7,0,,4,2453,1808,1167
504,5KG,10,23,0,,1,160,124,68
505,16KG,5,1,0,,2,5233,3585,1700
506,1KG,15,16,0,,3,258,35,14
507,6KG,7,2,0,,0,2290,1924,1160
508,3KG,8,27,0,,5,703,458,440
509,18KG,7,30,0,,0,1825,1662,1229
510,5KG,13,27,0,,5,483,176,39
511,8KG,1,31,0,,3,3325,1620,1478
512,4KG,8,8,0,,4,497,462,28
513,17KG,1,24,0,,5,3939,3739,2805
514,2KG,12,11,0,,5,791,592,550
515,6KG,8,5,0,,0,2173,1715,1390
516,4KG,13,10,0,,4,560,495,450
517,8KG,15,32,0,,4,3302,1200,1028
518,1KG,12,40,0,,4,677,17,11
519,6KG,15,10,0,,0,5885,4051,1805
520,3KG,8,35,0,,2,906,158,150
521,20KG,4,34,0,,0,4167,3343,1870
522,3KG,2,16,0,,1,619,599,113
523,13KG,4,30,0,,5,3799,1557,1254
524,1KG,5,11,0,,4,546,287,32
525,12KG,14,13,0,,5,4287,1455,1158
526,4KG,2,24,0,,1,541,363,110
527,19KG,13,1,0,,2,4116,2400,2035
528,2KG,2,18,0,,2,999,546,260
529,20KG,4,17,0,,5,2883,1729,1396
530,2KG,7,13,0,,5,366,90,68
531,19KG,12,22,0,,3,2567,1367,1040
532,5KG,6,22,0,,4,523,139,35
533,16KG,2,22,0,,2,3647,1544,1508
534,2KG,12,23,0,,5,220,25,20
535,8KG,1,40,0,,3,5883,3211,2094
536,1KG,14,9,0,,2,996,312,99
537,9KG,4,28,0,,2,5329,3687,2615
538,1KG,15,19,0,,0,149,57,17
539,17KG,3,14,0,,1,4740,2238,1139
540,3KG,6,36,0,,5,519,220,53
541,10KG,8,39,0,,5,3686,2831,1721
542,5KG,4,27,0,,4,650,247,87
543,20KG,7,21,0,,0,1732,1673,1554
544,5KG,7,2,0,,4,64,17,11
545,11KG,3,10,0,,5,4519,2774,1969
546,2KG,13,21,0,,2,909,688,565
547,17KG,12,1,0,,2,4777,1852,1128
548,5KG,6,19,0,,0,822,622,584
549,10KG,1,6,0,,1,2763,1399,1063
550,3KG,9,0,0,,3,908,852,512
551,19KG,13,35,0,,0,2367,1616,1399
552,4KG,11,20,0,,0,951,414,347
553,8KG,15,36,0,,4,1576,1284,1246
554,4KG,12,30,0,,3,417,362,14
555,11KG,13,34,0,,4,1754,1217,1088
556,2KG,13,0,0,,3,1000,716,677
557,14KG,12,28,0,,0,4363,4287,3809
558,5KG,14,31,0,,1,982,240,22
559,16KG,15,35,0,,1,2991,1911,1299
560,3KG,10,7,0,,3,236,26,6
561,19KG,5,33,0,,0,3966,2209,1821
562,1KG,7,1,0,,2,679,482,436
563,16KG,5,6,0,,4,3074,1497,1092
564,3KG,12,34,0,,0,217,86,40
565,17KG,14,29,0,,5,5061,1584,1470
566,3KG,13,2,0,,5,500,76,56
567,17KG,12,1,0,,5,2898,2330,1626
568,3KG,6,14,0,,2,102,61,20
569,20KG,1,11,0,,5,3384,2391,1175
570,1KG,3,6,0,,0,469,140,50
571,7KG,15,36,0,,1,1661,1507,1016
572,5KG,6,17,0,,5,880,44,9
573,18KG,6,26,0,,0,3169,2072,1536
574,4KG,4,39,0,,3,84,55,38
575,17KG,1,23,0,,4,3966,3272,2660
576,5KG,3,20,0,,2,505,432,55
577,11KG,10,3,0,,4,1916,1869,1409
578,4KG,5,8,0,,2,829,432,9
579,20KG,12,3,0,,2,1654,1455,1284
580,3KG,1,0,0,,0,320,133,88
581,12KG,7,25,0,,1,2522,1730,1157
582,5KG,8,10,0,,3,312,180,114
583,13KG,6,35,0,,0,5393,2036,1667
584,5KG,12,21,0,,1,349,252,143
585,17KG,4,30,0,,5,4021,3227,2839
586,5KG,13,11,0,,4,562,519,109
587,7KG,5,33,0,,0,4372,2899,2887
588,3KG,1,9,0,,1,830,611,164
589,15KG,4,24,0,,2,4547,3602,2604
590,4KG,13,35,0,,5,29,26,21
591,13KG,2,26,0,,4,1962,1533,1012
592,1KG,6,34,0,,0,767,711,613
593,14KG,12,17,0,,1,2397,1417,1147
594,1KG,5,22,0,,0,42,12,7
595,8KG,12,19,0,,5,3914,3685,1219
596,5KG,6,12,0,,5,168,37,35
597,19KG,1,3,0,,1,4971,3870,2999
598,4KG,7,34,0,,5,648,319,144
599,16KG,2,11,0,,2,5627,5452,4477
600,5KG,7,28,0,,3,521,360,165
601,15KG,11,31,0,,2,3567,2136,1664
602,1KG,2,35,0,,4,777,392,7
603,16KG,3,18,0,,2,2045,1668,1090
604,3KG,11,39,0,,5,685,459,350
605,12KG,6,9,0,,0,3438,1643,1373
606,4KG,3,22,0,,3,586,504,174
607,19KG,15,33,0,,4,4072,2493,2369
608,5KG,13,12,0,,0,353,194,141
609,20KG,1,2,0,,3,5642,2703,1601
610,3KG,5,28,0,,0,599,589,184
611,15KG,14,21,0,,4,1544,1427,1288
612,4KG,1,16,0,,2,80,63,49
613,19KG,11,5,0,,1,2718,2022,1373
614,5KG,12,0,0,,0,795,140,54
615,20KG,3,12,0,,5,3742,1898,1266
616,5KG,2,32,0,,0,92,28,22
617,15KG,9,3,0,,3,2405,1220,1054
618,4KG,10,10,0,,1,608,600,278
619,9KG,3,0,0,,1,5743,3949,3647
620,4KG,4,35,0,,4,418,373,288
621,14KG,12,25,0,,4,3595,3124,1920
622,5KG,6,36,0,,4,608,204,92
623,20KG,13,24,0,,2,3369,1697,1150
624,5KG,10,24,0,,3,578,439,232
625,14KG,14,18,0,,1,1695,1487,1361
626,2KG,12,11,0,,1,969,473,413
627,13KG,2,21,0,,5,3450,2181,1570
628,5KG,8,12,0,,3,564,558,424
629,6KG,12,5,0,,0,2363,1586,1027
630,4KG,5,36,0,,2,93,38,13
631,10KG,12,13,0,,5,1977,1769,1160
632,5KG,15,35,0,,4,622,245,206
633,18KG,14,26,0,,4,4779,4606,1056
634,1KG,10,31,0,,4,168,148,41
635,20KG,3,29,0,,4,2740,2170,1522
636,3KG,10,38,0,,1,54,42,9
637,9KG,15,27,0,,0,2281,1926,1903
638,4KG,15,26,0,,1,714,213,35
639,7KG,4,19,0,,2,2443,1828,1427
640,4KG,6,32,0,,5,928,869,185
641,8KG,14,25,0,,0,2939,1968,1611
642,5KG,2,33,0,,5,653,351,313
643,9KG,3,21,0,,5,1981,1260,1008
644,1KG,4,17,0,,5,255,38,14
645,16KG,6,25,0,,0,2157,2039,1928
646,4KG,7,12,0,,3,602,589,171
647,7KG,7,30,0,,0,5815,1969,1959
648,3KG,7,18,0,,5,784,476,466
649,6KG,4,37,0,,4,5402,3087,2722
650,3KG,11,10,0,,0,243,71,6
651,13KG,9,13,0,,2,1898,1337,1131
652,2KG,6,3,0,,4,97,47,12
653,8KG,13,14,0,,2,4817,2087,1922
654,4KG,6,39,0,,4,730,44,40
655,13KG,14,14,0,,1,2820,1503,1290
656,4KG,8,34,0,,1,437,358,347
657,13KG,14,11,0,,4,3522,3223,2274
658,2KG,11,21,0,,0,787,401,71
659,20KG,4,10,0,,2,5600,1263,1197
660,5KG,7,13,0,,5,224,81,31
661,6KG,9,21,0,,3,3025,2935,2401
662,5KG,3,32,0,,1,965,240,100
663,17KG,7,33,0,,5,5128,1310,1158
664,4KG,15,39,0,,4,362,145,6
665,14KG,14,20,0,,4,5790,4472,3216
666,5KG,14,35,0,,2,679,72,13
667,20KG,7,24,0,,5,4685,2529,2252
668,2KG,7,31,0,,2,280,79,48
669,10KG,12,10,0,,3,2752,2232,1495
670,2KG,13,33,0,,0,317,309,216
671,14KG,10,29,0,,0,5281,4417,2598
672,1KG,6,3,0,,3,751,336,306
673,16KG,3,12,0,,1,1556,1390,1308
674,2KG,15,38,0,,5,953,509,190
675,7KG,9,12,0,,5,5387,2880,1807
676,1KG,4,0,0,,0,821,94,49
677,6KG,6,29,0,,5,3374,1632,1511
678,4KG,14,8,0,,0,824,657,475
679,12KG,1,8,0,,4,4876,2356,2068
680,1KG,1,11,0,,3,20,17,17
681,18KG,4,10,0,,3,3324,2345,1487
682,2KG,5,40,0,,2,531,202,26
683,7KG,10,3,0,,4,4059,3087,2466
684,5KG,4,34,0,,0,511,286,116
685,20KG,15,20,0,,5,4821,4650,3323
686,2KG,11,12,0,,0,217,203,126
687,15KG,3,13,0,,4,1912,1911,1533
688,3KG,13,28,0,,0,90,73,66
689,13KG,13,9,0,,2,4940,3770,2130
690,4KG,7,31,0,,0,189,162,95
691,13KG,14,39,0,,3,2537,2176,1989
692,1KG,3,24,0,,5,685,551,66
693,10KG,14,34,0,,4,3954,3612,3039
694,5KG,13,28,0,,0,81,58,18
695,19KG,1,12,0,,0,3496,3025,1215
696,2KG,11,0,0,,2,978,279,38
697,17KG,5,15,0,,0,4077,2848,2043
698,3KG,4,25,0,,5,23,23,15
699,7KG,2,23,0,,5,3656,2332,2202
700,3KG,15,9,0,,1,159,153,91
701,18KG,6,6,0,,1,2767,2675,2377
702,2KG,1,17,0,,5,513,63,48
703,12KG,6,5,0,,2,4479,3926,3021
704,3KG,2,28,0,,5,991,68,62
705,10KG,2,24,0,,3,3714,1883,1014
706,3KG,6,11,0,,3,604,259,201
707,17KG,2,31,0,,4,4739,2602,2550
708,5KG,14,38,0,,0,258,15,7
709,9KG,15,31,0,,0,3263,2625,1582
710,2KG,5,29,0,,0,366,134,102
711,8KG,6,34,0,,4,5611,3981,2136
712,1KG,9,39,0,,1,55,38,16
713,19KG,14,33,0,,2,4445,2239,1888
714,3KG,4,33,0,,3,352,186,44
715,13KG,7,27,0,,5,2153,1334,1162
716,5KG,5,27,0,,5,150,136,6
717,19KG,7,9,0,,4,5585,2492,1249
718,1KG,4,38,0,,0,22,13,10
719,18KG,13,2,0,,2,4613,3559,2920
720,3KG,11,32,0,,0,725,147,46
721,14KG,2,0,0,,2,5271,3674,3346
722,2KG,2,33,0,,5,886,275,88
723,16KG,3,20,0,,3,2807,1396,1138
724,4KG,7,19,0,,3,438,134,28
725,12KG,5,26,0,,3,5667,5234,4884
726,4KG,2,29,0,,2,604,481,417
727,10KG,13,22,0,,0,4062,2072,1968
728,5KG,8,16,0,,1,668,525,230
729,19KG,4,17,0,,5,5924,4938,1420
730,1KG,7,4,0,,1,376,311,175
731,17KG,10,11,0,,1,5399,4625,2323
732,3KG,3,18,0,,4,212,150,29
733,13KG,1,37,0,,0,2160,1815,1466
734,5KG,1,1,0,,1,701,699,37
735,10KG,1,21,0,,0,5137,2562,1015
736,5KG,12,14,0,,3,456,129,62
737,7KG,8,37,0,,1,3945,3439,2833
738,4KG,3,29,0,,0,178,153,37
739,10KG,6,27,0,,2,4399,3046,2529
740,1KG,13,40,0,,4,786,779,663
741,13KG,10,18,0,,1,1871,1349,1322
742,4KG,4,11,0,,5,687,626,229
743,14KG,3,2,0,,4,5082,5078,2233
744,5KG,4,26,0,,4,173,85,24
745,13KG,15,36,0,,3,4215,4179,1394
746,2KG,5,13,0,,3,986,354,138
747,19KG,5,4,0,,4,4545,2886,2664
748,2KG,14,23,0,,1,20,20,7
749,8KG,12,26,0,,5,2048,1396,1065
750,5KG,6,0,0,,5,130,46,28
751,9KG,1,34,0,,1,5396,3190,2647
752,3KG,5,17,0,,3,44,13,13
753,13KG,7,15,0,,0,3630,1923,1305
754,4KG,6,11,0,,5,110,63,44
755,16KG,9,7,0,,2,5833,3418,1156
756,1KG,8,34,0,,5,772,331,115
757,15KG,8,1,0,,1,2598,2124,1661
758,4KG,12,38,0,,5,702,672,161
759,19KG,15,11,0,,5,3531,3320,2748
760,4KG,1,13,0,,5,367,129,40
761,14KG,14,10,0,,4,2318,1412,1248
762,5KG,8,13,0,,2,547,311,309
763,18KG,2,40,0,,0,3175,2936,1007
764,2KG,11,27,0,,4,877,245,86
765,11KG,5,19,0,,2,4384,2399,1095
766,2KG,12,0,0,,1,452,59,53
767,10KG,9,7,0,,3,5965,1854,1800
768,4KG,9,29,0,,0,446,267,30
769,19KG,9,32,0,,4,3001,1701,1301
770,1KG,4,9,0,,1,96,74,22
771,15KG,10,26,0,,5,5542,5200,4774
772,3KG,1,2,0,,5,631,32,20
773,18KG,2,24,0,,4,5420,2824,1078
774,5KG,4,24,0,,3,446,385,62
775,13KG,12,12,0,,0,3917,3195,2468
776,5KG,11,16,0,,1,365,337,76
777,11KG,1,27,0,,5,5868,4497,3749
778,2KG,9,15,0,,4,346,285,82
779,14KG,12,8,0,,4,2692,2092,1299
780,5KG,10,28,0,,1,445,343,101
781,10KG,9,10,0,,2,1875,1505,1317
782,5KG,7,33,0,,2,368,366,102
783,17KG,2,12,0,,1,2201,1514,1196
784,3KG,4,27,0,,1,73,55,14
785,12KG,13,21,0,,4,5158,2213,1274
786,5KG,4,1,0,,5,780,364,289
787,8KG,2,8,0,,1,5460,3726,2995
788,3KG,7,22,0,,2,198,92,80
789,18KG,9,37,0,,3,3047,2856,1375
790,5KG,4,6,0,,1,461,33,26
791,15KG,12,2,0,,4,1585,1491,1486
792,1KG,10,30,0,,0,828,369,351
793,12KG,9,3,0,,5,1829,1790,1539
794,3KG,3,5,0,,0,946,309,157
795,7KG,14,4,0,,1,3255,1831,1816
796,2KG,8,32,0,,0,488,140,60
797,8KG,14,9,0,,0,3510,3240,1807
798,4KG,3,15,0,,4,986,635,192
799,11KG,5,26,0,,5,5032,2383,1339
800,2KG,8,23,0,,5,629,399,14
801,7KG,6,35,0,,1,4696,1646,1212
802,3KG,10,28,0,,4,230,209,198
803,20KG,6,34,0,,0,4750,1547,1473
804,5KG,13,0,0,,2,224,137,100
805,19KG,1,18,0,,1,4644,1346,1002
806,4KG,6,19,0,,2,990,340,195
807,19KG,7,20,0,,3,5849,2227,1556
808,3KG,4,33,0,,3,452,113,74
809,20KG,7,31,0,,0,3316,1570,1134
810,4KG,15,8,0,,2,431,50,37
811,14KG,11,35,0,,5,2827,1358,1131
812,3KG,7,8,0,,1,321,82,65
813,6KG,11,40,0,,2,5603,2027,1308
814,5KG,12,15,0,,5,292,181,65
815,12KG,7,16,0,,4,3792,3459,2866
816,5KG,3,24,0,,0,24,16,10
817,10KG,3,12,0,,3,4391,4391,4106
818,4KG,4,26,0,,5,931,208,54
819,7KG,1,29,0,,5,4477,4449,3613
820,5KG,1,38,0,,3,875,325,183
821,7KG,4,10,0,,4,5712,3364,1578
822,2KG,4,23,0,,5,811,675,80
823,11KG,14,14,0,,2,5866,3616,3217
824,4KG,12,29,0,,3,967,495,348
825,6KG,10,0,0,,1,4044,2606,1317
826,1KG,2,5,0,,1,439,284,155
827,18KG,15,38,0,,5,5860,3446,1186
828,4KG,10,17,0,,5,954,525,40
829,11KG,15,38,0,,3,1886,1623,1176
830,4KG,5,30,0,,5,61,36,22
831,9KG,3,9,0,,0,5292,2645,2546
832,1KG,2,3,0,,5,806,234,119
833,12KG,9,13,0,,1,2413,2240,1917
834,4KG,8,39,0,,4,778,365,223
835,6KG,4,9,0,,4,1615,1331,1265
836,1KG,6,33,0,,0,381,145,10
837,8KG,6,21,0,,4,5998,1466,1450
838,5KG,12,15,0,,2,470,377,236
839,19KG,4,18,0,,5,3271,2193,1684
840,2KG,10,12,0,,4,826,294,64
841,14KG,11,23,0,,5,3495,1233,1111
842,1KG,7,39,0,,0,554,350,59
843,18KG,6,31,0,,2,1914,1301,1216
844,4KG,3,13,0,,3,724,483,473
845,16KG,6,28,0,,5,5802,4304,3243
846,5KG,13,29,0,,2,585,472,289
847,16KG,11,10,0,,1,1572,1215,1020
848,3KG,10,33,0,,3,749,230,219
849,10KG,11,35,0,,1,5615,1531,1347
850,5KG,2,2,0,,3,388,311,24
851,17KG,11,28,0,,5,4411,3862,3330
852,3KG,11,9,0,,1,681,46,39
853,15KG,9,22,0,,2,4489,1676,1189
854,1KG,14,28,0,,0,316,16,9
855,16KG,5,5,0,,4,5894,3840,1760
856,4KG,12,23,0,,1,376,200,194
857,7KG,14,15,0,,4,2658,1323,1295
858,4KG,5,16,0,,2,995,772,456
859,18KG,14,23,0,,3,5079,1971,1537
860,5KG,12,39,0,,0,782,158,84
861,14KG,5,14,0,,4,5844,2559,1125
862,4KG,6,3,0,,1,700,505,301
863,18KG,15,37,0,,5,5839,4908,1274
864,1KG,13,24,0,,5,404,88,11
865,6KG,11,30,0,,4,4928,2458,2359
866,5KG,6,6,0,,2,479,58,29
867,16KG,10,5,0,,5,3491,1331,1312
868,1KG,2,1,0,,5,559,324,94
869,17KG,3,2,0,,5,5350,2871,1703
870,3KG,4,40,0,,0,38,21,6
871,12KG,11,20,0,,2,5165,3440,2697
872,4KG,6,25,0,,4,193,119,103
873,15KG,5,26,0,,2,3950,2545,1256
874,5KG,11,14,0,,1,448,36,23
875,7KG,6,38,0,,1,4803,3307,3189
876,1KG,12,5,0,,4,353,45,13
877,17KG,5,18,0,,1,3651,2518,1114
878,4KG,10,15,0,,3,774,134,73
879,13KG,7,4,0,,2,4446,3389,3229
880,2KG,4,38,0,,0,86,23,14
881,11KG,10,35,0,,5,4313,2312,1008
882,1KG,8,17,0,,3,333,139,49
883,19KG,7,1,0,,0,2527,1855,1711
884,4KG,12,26,0,,3,472,415,270
885,15KG,9,10,0,,3,4765,4413,3393
886,5KG,15,34,0,,0,330,322,243
887,13KG,2,29,0,,4,2124,1201,1113
888,5KG,3,10,0,,2,234,102,18
889,20KG,8,3,0,,0,3655,2420,1579
890,1KG,7,30,0,,5,841,98,50
891,8KG,4,29,0,,0,5946,4058,3355
892,2KG,12,11,0,,1,476,463,266
893,15KG,6,35,0,,3,4206,3070,1957
894,5KG,9,37,0,,1,533,27,12
895,11KG,9,11,0,,0,5408,3594,3363
896,3KG,12,19,0,,3,539,49,15
897,19KG,3,3,0,,2,5485,1711,1187
898,5KG,8,8,0,,1,660,618,35
899,10KG,3,3,0,,1,4408,4252,3117
900,5KG,3,4,0,,5,786,423,110
901,13KG,15,15,0,,5,4276,1995,1854
902,2KG,6,28,0,,3,39,22,17
903,16KG,10,0,0,,4,2429,2284,2001
904,3KG,9,21,0,,1,615,284,130
905,7KG,15,11,0,,1,4399,3936,2142
906,3KG,4,28,0,,1,679,350,194
907,13KG,15,29,0,,1,5457,4858,2251
908,2KG,1,6,0,,1,441,243,113
909,10KG,14,25,0,,4,5640,3360,1555
910,2KG,13,17,0,,3,742,382,80
911,9KG,2,27,0,,4,4263,4002,2724
912,2KG,14,25,0,,5,966,710,251
913,17KG,13,11,0,,2,5797,5092,4089
914,5KG,7,33,0,,0,578,560,122
915,6KG,14,31,0,,2,1960,1615,1372
916,3KG,10,14,0,,5,508,138,108
917,19KG,10,24,0,,1,4702,3570,2386
918,2KG,1,23,0,,1,377,232,87
919,10KG,14,10,0,,5,4067,3069,1435
920,3KG,9,2,0,,2,85,44,40
921,16KG,11,11,0,,0,5324,2470,1832
922,1KG,13,40,0,,2,539,523,359
923,10KG,13,14,0,,0,2643,2511,1000
924,2KG,9,20,0,,5,385,134,61
925,17KG,13,2,0,,4,3505,1676,1375
926,5KG,14,17,0,,0,251,57,43
927,20KG,7,36,0,,1,4258,1475,1423
928,1KG,10,20,0,,0,256,239,61
929,7KG,10,16,0,,4,4889,4521,2689
930,2KG,12,27,0,,4,176,68,66
931,9KG,7,40,0,,5,1896,1293,1063
932,1KG,4,34,0,,2,917,394,94
933,9KG,15,27,0,,5,3593,1635,1370
934,2KG,11,18,0,,5,198,56,14
935,20KG,10,17,0,,3,5471,3014,2935
936,1KG,5,8,0,,5,406,287,206
937,14KG,3,6,0,,4,5213,4223,1860
938,5KG,7,22,0,,0,237,64,43
939,11KG,10,22,0,,4,2518,1229,1129
940,3KG,10,5,0,,4,842,103,6
941,20KG,6,21,0,,0,4818,2485,1001
942,2KG,12,14,0,,2,881,535,276
943,11KG,10,17,0,,5,5219,4284,4230
944,3KG,9,39,0,,1,46,36,18
945,9KG,15,1,0,,4,5110,2303,1351
946,3KG,10,26,0,,2,844,744,334
947,15KG,6,20,0,,0,3210,2783,1103
948,5KG,12,26,0,,1,473,185,25
949,13KG,8,26,0,,1,3192,2135,1318
950,3KG,3,15,0,,3,380,35,10
951,17KG,2,30,0,,5,2826,1903,1428
952,5KG,6,0,0,,3,874,860,370
953,11KG,11,14,0,,5,3258,1871,1559
954,2KG,15,38,0,,1,500,36,29
955,20KG,2,25,0,,2,3221,2031,1420
956,1KG,6,3,0,,5,992,182,22
957,12KG,13,15,0,,0,3215,1973,1774
958,3KG,13,26,0,,4,503,357,12
959,16KG,5,39,0,,1,2262,1741,1382
960,1KG,13,29,0,,4,947,474,404
961,19KG,6,40,0,,2,4177,3447,2981
962,3KG,4,10,0,,5,966,768,411
963,18KG,1,23,0,,0,5931,1465,1099
964,4KG,10,37,0,,4,239,173,173
965,13KG,8,9,0,,2,4736,3480,1307
966,3KG,3,26,0,,0,299,60,44
967,11KG,2,23,0,,4,4371,3674,3446
968,5KG,14,30,0,,3,505,159,140
969,15KG,2,12,0,,1,1561,1497,1194
970,4KG,6,20,0,,0,236,113,70
971,13KG,9,31,0,,0,4801,4700,4673
972,1KG,5,25,0,,4,189,169,133
973,16KG,1,12,0,,4,2952,1337,1043
974,4KG,11,10,0,,5,729,726,626
975,10KG,4,26,0,,0,2077,1473,1406
976,4KG,6,26,0,,5,371,132,98
977,16KG,9,15,0,,4,4207,3704,3014
978,4KG,5,22,0,,5,313,49,10
979,14KG,11,32,0,,2,2368,1209,1024
980,2KG,2,22,0,,3,649,364,163
981,20KG,12,27,0,,3,4264,4206,2615
982,4KG,15,12,0,,5,363,196,186
983,9KG,13,18,0,,4,3960,3591,1060
984,3KG,1,32,0,,5,798,372,204
985,10KG,9,4,0,,1,5049,3141,2630
986,3KG,4,34,0,,0,238,177,102
987,13KG,1,38,0,,1,3956,1945,1307
988,4KG,7,27,0,,4,245,213,168
989,16KG,1,0,0,,3,3695,2079,1012
990,1KG,1,4,0,,0,968,56,47
991,20KG,4,36,0,,5,4871,2440,2202
992,5KG,8,30,0,,3,957,266,161
993,13KG,13,31,0,,0,4622,3231,2462
994,3KG,2,25,0,,0,724,433,257
995,10KG,11,4,0,,1,3149,2788,2077
996,3KG,2,13,0,,1,857,722,508
997,6KG,2,13,0,,4,5485,2386,2075
998,5KG,12,7,0,,0,382,122,37
999,6KG,2,30,0,,1,2197,1363,1162
1000,2KG,14,21,0,,1,266,51,19
